img_id,category,question,answer,mode
synpic29265.jpg,abnormality,are the lungs normal appearing,no,train
synpic28602.jpg,modality,what type of imaging does this not represent,ultrasound,train
synpic29265.jpg,modality,is this a mri of the chest,no,train
synpic28602.jpg,organ,what is not pictured in this image,the extremities,train
synpic42202.jpg,organ,which organ system is abnormal in this image,cardiovascular,train
synpic54610.jpg,modality,what type of imaging is this,mri diffusion weighted,train
synpic54610.jpg,organ,what organ system is pictured,the brain,train
synpic28602.jpg,plane,is this an anterior posterior image,no,train
synpic39460.jpg,organ,is this the brain,yes,train
synpic42202.jpg,modality,what type of image is this,chest x-ray,train
synpic39460.jpg,modality,is this a ct image,no,train
synpic42202.jpg,plane,is this an anterior-posterior image,no,train
synpic39460.jpg,plane,in what plane is this image oriented,axial,train
synpic26158.jpg,modality,was the arterial contrast phase selected,yes,train
synpic26158.jpg,plane,does this plane of section include the gastric cardia,yes,train
synpic21776.jpg,modality,was this taken with good x ray penetration,yes,train
synpic34947.jpg,organ,is this an image of the cerebellum,yes,train
synpic50962.jpg,plane,is this a transverse section,yes,train
synpic21776.jpg,plane,was this taken in pa position,yes,train
synpic34947.jpg,plane,is the plane of section transverse,yes,train
synpic19605.jpg,abnormality,is the liver parenchyma normal,yes,train
synpic40272.jpg,plane,was this chest x ray taken in pa format,yes,train
synpic50962.jpg,modality,is this a t2 weighted image,yes,train
synpic39086.jpg,plane,is this image plane taken inferior to the liver,yes,train
synpic34947.jpg,modality,was this image taken without motion artifact,yes,train
synpic40272.jpg,organ,are the heart and lungs displayed well in this film,yes,train
synpic31400.jpg,abnormality,any abnormal findings in the lower lung fields,no,train
synpic31400.jpg,abnormality,are the lower lung fields normal,yes,train
synpic20260.jpg,organ,what organ system is evaluated primarily,gi,train
synpic32933.jpg,abnormality,is the left hemidiaphragm normal,yes,train
synpic32933.jpg,abnormality,is the left hemidiaphragm normal,yes,train
synpic49914.jpg,modality,is this a chest x-ray,yes,train
synpic57368.jpg,abnormality,are there abnormal findings on this image,yes,train
synpic57368.jpg,abnormality,is this brain scan normal,no,train
synpic20260.jpg,modality,what kind of scan is this,ct,train
synpic18461.jpg,modality,what kind of image is this,chest x-ray,train
synpic56799.jpg,abnormality,is this a normal image,no,train
synpic56799.jpg,abnormality,is the brain scan normal,no,train
synpic18461.jpg,organ,what organ is primarily evaluated in this image,lungs,train
synpic18461.jpg,plane,is this a lateral film,no,train
synpic31400.jpg,organ,which organ system is imaged,chest,train
synpic33889.jpg,plane,in what plane is this image taken,axial,train
synpic49914.jpg,organ,is this a study of the chest,yes,train
synpic49914.jpg,abnormality,what is happening in the right lung,volume loss,train
synpic49914.jpg,abnormality,what is finding in the right lung,volume loss,train
synpic45115.jpg,abnormality,what is most alarming about the appendix,extraluminal air and small fluid collection,train
synpic23130.jpg,abnormality,is the liver normal,no,train
synpic23130.jpg,abnormality,is this a normal image,no,train
synpic18461.jpg,abnormality,are the lungs normal,no,train
synpic18461.jpg,abnormality,is the chest x-ray normal,no,train
synpic33889.jpg,organ,is this a study of the brain,no,train
synpic29219.jpg,modality,is there contrast given,yes,train
synpic33889.jpg,modality,is this a ct scan,yes,train
synpic27013.jpg,abnormality,is this image normal,no,train
synpic21044.jpg,abnormality,is the heart abnormal,yes,train
synpic29219.jpg,plane,which plane is the image taken,axial,train
synpic57520.jpg,plane,where is this plane relative to the eyes,above,train
synpic24390.jpg,plane,how was this x-ray taken,pa,train
synpic21604.jpg,modality,what is the modality by which the image was taken,ct,train
synpic45557.jpg,modality,do bones appear lighter on this image modality,yes,train
synpic33689.jpg,plane,is this in the lumbar vertebral level,yes,train
synpic27985.jpg,abnormality,is the pathologic part of this image the small bowel or colon,small bowel,train
synpic27601.jpg,abnormality,is the liver normal,yes,train
synpic34449.jpg,organ,what are the two major organs present in this image,heart lungs,train
synpic21995.jpg,abnormality,is the liver abnormal,no,train
synpic33689.jpg,modality,was oral or iv contrast used,both,train
synpic57520.jpg,modality,was contrast applied,no,train
synpic34449.jpg,plane,is this an ap image,no,train
synpic21604.jpg,organ,what is the organ system visualized,gastrointestinal,train
synpic23053.jpg,abnormality,is the air under the left hemidiaphragm pathologic,no,train
synpic24390.jpg,organ,is this image of the thorax,yes,train
synpic33689.jpg,organ,what organ system is primarily present in this image,gastrointestinal,train
synpic24390.jpg,modality,is this image a ct scan,no,train
synpic13385.jpg,abnormality,is the air under the left hemidiaphragm pathologic,no,train
synpic23053.jpg,abnormality,is the opacity near the left lung apex pathologic,no,train
synpic34449.jpg,modality,how was this image taken,x-ray,train
synpic50949.jpg,plane,is this an axial image,yes,train
synpic31916.jpg,modality,is this film properly exposed,yes,train
synpic39240.jpg,modality,is this a mri image,yes,train
synpic52951.jpg,organ,what is the organ principally shown in this image,lung,train
synpic47356.jpg,abnormality,is there any other alteration in the image,no,train
synpic31916.jpg,plane,what is the name of this image plane,posteroanterior,train
synpic60096.jpg,plane,what is the plane of this image,axial,train
synpic34017.jpg,abnormality,is there involvement of the temporal lobes,no,train
synpic31916.jpg,abnormality,what is happening with the path of the trachea,it is shifted to the right,train
synpic53978.jpg,modality,is this a ct image,no,train
synpic16810.jpg,plane,is this in the pa plane,yes,train
synpic33226.jpg,modality,can this image highlight bone fractures if present,yes,train
synpic46943.jpg,organ,which ventricles are visible,lateral ventricles,train
synpic33226.jpg,abnormality,are both lungs abnormally inflated,no,train
synpic49027.jpg,abnormality,what is the secondary pathology,moderate edema,train
synpic49027.jpg,abnormality,what is the secondary abnormality in this image,moderate edema,train
synpic32962.jpg,plane,is this coronal plane,yes,train
synpic51383.jpg,plane,is this an axial plane image,yes,train
synpic49027.jpg,abnormality,what is the primary abnormality in this image,ring enhancing lesion in the left occipital lobe,train
synpic49027.jpg,abnormality,what is the primary pathology,ring enhancing lesion in the left occipital lobe,train
synpic23989.jpg,organ,does this constitute a pulmonary pathology,yes,train
synpic39301.jpg,organ,what organ system is displayed,cns,train
synpic22037.jpg,modality,is this a standing cxr,no,train
synpic51383.jpg,organ,what organ system is this,cns,train
synpic23989.jpg,modality,is this an ap cxr,yes,train
synpic39301.jpg,plane,is this an axial image,yes,train
synpic32962.jpg,modality,what is the modality,cxr,train
synpic22037.jpg,organ,is the pulmonary system shown,yes,train
synpic51926.jpg,organ,in what system is the pathology,gi,train
synpic51926.jpg,organ,what system is this pathology in,gi,train
synpic23989.jpg,plane,what plane is demonstrated,coronal,train
synpic23989.jpg,abnormality,what is the pathology,left apical pneumothorax,train
synpic23989.jpg,abnormality,what pathology is shown,left apical pneumothorax,train
synpic55464.jpg,modality,is this a pa film,yes,train
synpic55464.jpg,organ,does the pathology involve the cv system,yes,train
synpic32108.jpg,abnormality,does this image show a normal gallbladder,yes,train
synpic32108.jpg,abnormality,is the gb normal,yes,train
synpic32108.jpg,abnormality,is there gall bladder pathology,no,train
synpic32108.jpg,abnormality,is there pathology of the gallbladder,no,train
synpic46976.jpg,abnormality,what is the pathology in this image,cardiomegaly,train
synpic46976.jpg,abnormality,what pathology is demonstrated,cardiomegaly,train
synpic22037.jpg,plane,what is the plane,coronal,train
synpic39301.jpg,modality,what modality is shown,flair mri,train
synpic21042.jpg,plane,is this a pa image,yes,train
synpic100132.jpg,organ,does this radiograph contain parts of the cardiovascular system,yes,train
synpic53635.jpg,abnormality,does this image show a normal gallbladder,no,train
synpic100132.jpg,plane,was this image taken in the ap or pa plane,pa,train
synpic53635.jpg,plane,is this an axial image,yes,train
synpic55317.jpg,organ,does this image display the cns,yes,train
synpic31467.jpg,modality,is this ct scan enhanced by iv contrast,yes,train
synpic55317.jpg,plane,in what plane is this mri taken,axial,train
synpic21042.jpg,modality,what type of imaging modality is seen in this image,x-ray plain film,train
synpic100132.jpg,modality,is this a ct scan,no,train
synpic21042.jpg,organ,what is one organ system seen in this image,respiratory system,train
synpic35155.jpg,organ,what part of the body is being imaged,the abdomen,train
synpic27047.jpg,modality,what type of imaging modality is this,xray - plain film,train
synpic22310.jpg,modality,is this a contrast enhanced image,yes,train
synpic55317.jpg,modality,is this an mri,yes,train
synpic34854.jpg,modality,what type of mri sequence is this,diffusion weighted imaging dwi,train
synpic21028.jpg,modality,is this image enhanced by contrast,yes,train
synpic22982.jpg,abnormality,does the appendix appear normal,no,train
synpic35155.jpg,modality,was this a contrast ct or a non-contrast ct,contrast ct with gi and iv contrast,train
synpic16520.jpg,modality,is this a contrast ct or a non-contrast ct,non-contrast ct,train
synpic53635.jpg,modality,what imaging modality is seen here,ct with gi and iv contrast,train
synpic20208.jpg,organ,does this image display the contents of the abdomen,yes,train
synpic22982.jpg,modality,was contrast used with this image,yes,train
synpic22156.jpg,plane,is the saggital plane,no,train
synpic17848.jpg,modality,what type of image is this,chest xray,train
synpic35191.jpg,modality,is this an mri,yes,train
synpic22097.jpg,modality,what kind of image is this,chest x ray,train
synpic22097.jpg,modality,what modality is this,chest x ray,train
synpic17848.jpg,abnormality,are the findings normal,no,train
synpic17848.jpg,abnormality,is this a normal image,no,train
synpic28180.jpg,abnormality,is this normal gallbladder finding,no,train
synpic57813.jpg,modality,what type of image modality is this,mr flair,train
synpic57813.jpg,modality,which image modality is this,mr flair,train
synpic17693.jpg,plane,how is the image oriented,pa,train
synpic17693.jpg,plane,what plane is this x-ray in,pa,train
synpic17848.jpg,organ,what organ systems can be evaluated with this image,respiratory cardia c musculoskeletal,train
synpic45634.jpg,abnormality,are the findings normal,no,train
synpic45634.jpg,abnormality,is this image normal,no,train
synpic17848.jpg,plane,is this image best taken on expiration,no,train
synpic57813.jpg,abnormality,does the r vertebral artery appear normal,no,train
synpic57813.jpg,abnormality,is the right vertebral artery normal,no,train
synpic41119.jpg,plane,what plane is this image in,axial,train
synpic41119.jpg,plane,which plane is the image shown in,axial,train
synpic16407.jpg,modality,what type of image is this,chest x-ray,train
synpic16407.jpg,modality,what image modality is this,chest x-ray,train
synpic31394.jpg,plane,in what plane is the above taken,pa,train
synpic60254.jpg,plane,is the image above oriented in the axial plane,yes,train
synpic52828.jpg,modality,is this image taken with or without contrast,with contrast,train
synpic52828.jpg,modality,was contrast used to take this image,with contrast,train
synpic17153.jpg,modality,mri imaging modality used for this image,t2 weighted,train
synpic17153.jpg,modality,what type of mri is used to acquire this image,t2 weighted,train
synpic46062.jpg,organ,what organ system is shown in the above image,brain,train
synpic46062.jpg,organ,what is the organ system in this image,brain,train
synpic60254.jpg,abnormality,what cranial nerves may be affected by the lesion seen in the above image,oculomotor nerve cn iii and trigeminal nerves cn v,train
synpic60254.jpg,abnormality,which cranial nerves are possibly affected by this lesion,oculomotor nerve cn iii and trigeminal nerves cn v,train
synpic57317.jpg,plane,is this taken in the axial plane,yes,train
synpic51426.jpg,modality,what type of mri is this,t2,train
synpic51426.jpg,modality,what is the modality of this mri,t2,train
synpic18896.jpg,modality,imaging modality used to take this image,pa xray,train
synpic18896.jpg,modality,what imaging modality is used to acquire this picture,pa xray,train
synpic37605.jpg,modality,what mri imaging sequence is shown above,t2 weighted,train
synpic37605.jpg,modality,what type of mri is shown in the above image,t2 weighted,train
synpic31394.jpg,modality,is the image an ct scan,no,train
synpic30273.jpg,modality,was this image taken with or without contrast,with contrast,train
synpic30273.jpg,modality,was contrast used to take this image,yes,train
synpic27576.jpg,modality,did the patient ingest contrast prior to taking this image,yes,train
synpic27576.jpg,modality,was contrast used in this image,yes,train
synpic53287.jpg,abnormality,what ventricle is the lesion compressing,4th ventricle,train
synpic53287.jpg,abnormality,which ventricle is compressed by the lesion,4th ventricle,train
synpic23631.jpg,modality,is this a noncontrast ct,yes,train
synpic56422.jpg,organ,what organ system is shown in the above image,brain,train
synpic56422.jpg,organ,which organ system is shown in the image,brain,train
synpic59536.jpg,modality,mri imaging modality used,dwi,train
synpic59536.jpg,modality,what type of mri is the above image,dwi,train
synpic51426.jpg,plane,in what plane is the image above captured,axial,train
synpic31256.jpg,modality,how was this image taken,x-ray,train
synpic31256.jpg,modality,what imaging modality is seen,x-ray,train
synpic17738.jpg,organ,what organ system is being imaged,chest,train
synpic56422.jpg,modality,how was this mri taken,dwi,train
synpic56422.jpg,modality,what type of mri is this,dwi,train
synpic23631.jpg,plane,in what plane is this image taken,axial,train
synpic57317.jpg,modality,what imaging modality is used,mri - t1 weighted,train
synpic17738.jpg,plane,is this a pa film,yes,train
synpic51426.jpg,organ,is this an image of the brain,yes,train
synpic53287.jpg,modality,is this mri with contrast or without contrast,with contrast,train
synpic53287.jpg,modality,was this mri taken with or without contrast,with contrast,train
synpic33331.jpg,plane,is this a mid-sagittal film,no,train
synpic16221.jpg,plane,is this an axial image,no,train
synpic50958.jpg,modality,can ct be used to assess soft tissues,yes,train
synpic40426.jpg,plane,is this in the coronal plane,no,train
synpic53207.jpg,abnormality,are the ventricles unaltered,no,train
synpic53207.jpg,abnormality,are the ventricles normal,no,train
synpic51212.jpg,organ,can you name the organ captured by this image,brain,train
synpic53207.jpg,organ,the bottom of the image indicates what area of the brain,posterior brain,train
synpic24878.jpg,abnormality,are there abnormal findings,yes,train
synpic24878.jpg,abnormality,is anything irregular in this image,yes,train
synpic31217.jpg,abnormality,is this an image of normal physiology,no,train
synpic31217.jpg,abnormality,is this patient healthy,no,train
synpic31217.jpg,abnormality,are there abnormalities seen in the lungs,yes,train
synpic31217.jpg,abnormality,where is the nodule,below the 7th rib in the right lung .,train
synpic31217.jpg,abnormality,what is the abnormality,single lung nodule,train
synpic18250.jpg,abnormality,are there abnormalities,yes,train
synpic18250.jpg,abnormality,is anything wrong in this image,yes,train
synpic32081.jpg,abnormality,is anything wrong in the image,yes,train
synpic32081.jpg,abnormality,is there an abnormality,yes,train
synpic51212.jpg,modality,how was this image taken,mri,train
synpic34054.jpg,abnormality,what is the condition of the patient,blind loop syndrome,train
synpic34054.jpg,abnormality,what abnormality is seen,blind-ending loop of bowel arising from the cecum,train
synpic51212.jpg,plane,is this image in the transverse plane,yes,train
synpic53207.jpg,modality,what type of image is this,mri-dwi,train
synpic27646.jpg,plane,what plane is seen,pa,train
synpic31217.jpg,plane,which plane is this image taken in,pa,train
synpic27646.jpg,modality,is this an mri,no,train
synpic53207.jpg,abnormality,are there abnormalities with in the contrast between white and grey matter,yes,train
synpic53207.jpg,abnormality,is the gray-white matter junction altered,yes,train
synpic53207.jpg,plane,is the image in the axial plane,yes,train
synpic55583.jpg,modality,is this a t1 weighted image,no,train
synpic100176.jpg,modality,is this a pa or ap film,pa,train
synpic100176.jpg,modality,what laterality is this film,pa,train
synpic54391.jpg,modality,the imaging modality is . . .,mri/flair,train
synpic54391.jpg,modality,what is the image modality,mri/flair,train
synpic25105.jpg,plane,is this an axial cut,yes,train
synpic33892.jpg,modality,what image modality is this,ct,train
synpic33892.jpg,modality,what imaging modality was used,ct,train
synpic100176.jpg,abnormality,are the margins of the cardiac silhouette normal,no,train
synpic100176.jpg,abnormality,is the heart border normal,no,train
synpic23008.jpg,plane,is this an axial plane,yes,train
synpic12210.jpg,modality,what imaging modality was used,x-ray,train
synpic12210.jpg,modality,what type of image is this,x-ray,train
synpic56061.jpg,modality,what type of image is this,mri-flair,train
synpic56061.jpg,modality,what imaging modality was used,mri-flair,train
synpic52248.jpg,plane,what imaging plane is depicted here,axial,train
synpic52248.jpg,plane,what is the plane,axial,train
synpic28718.jpg,modality,how was this image taken,with contrast,train
synpic23008.jpg,modality,how was this image taken,with contrast,train
synpic24967.jpg,modality,is there contrast in this image,yes,train
synpic27142.jpg,modality,what type of imaging was used,mr - t2 weighted,train
synpic27142.jpg,modality,which image modality is this,mr - t2 weighted,train
synpic45699.jpg,plane,what is the plane,axial,train
synpic45699.jpg,plane,what plane was used,axial,train
synpic53867.jpg,modality,does this image use contrast or not,contrast,train
synpic53867.jpg,modality,does this ct have contrast or no contrast,contrast,train
synpic25105.jpg,abnormality,what is wrong with the pancreas,fatty infiltration,train
synpic25105.jpg,abnormality,what pathology does the pancreas deominstrate,fatty infiltration,train
synpic28210.jpg,abnormality,what organ exhibits pathology,jejunum,train
synpic28210.jpg,abnormality,which part of the bowel is involved by the mass,jejunum,train
synpic24967.jpg,plane,what plane are we in,axial,train
synpic45699.jpg,modality,what is the modality used,mr - adc map,train
synpic45699.jpg,modality,what imaging method was used,mr - adc map,train
synpic42210.jpg,plane,is this a pa film,yes,train
synpic42210.jpg,modality,what image modality is this,x-ray,train
synpic28718.jpg,plane,is this an axial plane,yes,train
synpic23648.jpg,modality,is this a ct image,yes,train
synpic33892.jpg,abnormality,what organ is involved,pancreas,train
synpic33892.jpg,abnormality,which organ is affected,pancreas,train
synpic25105.jpg,modality,is there contrast in this image,yes,train
synpic52248.jpg,modality,what imaging modality was used,mr - flair,train
synpic52248.jpg,modality,what type of image modality is this,mr - flair,train
synpic19853.jpg,plane,which plane is the image in,axial,train
synpic32981.jpg,modality,what imaging modality was used,ct,train
synpic22967.jpg,modality,was the patient given iv contrast,yes,train
synpic22874.jpg,modality,is iv contrast used,yes,train
synpic46943.jpg,abnormality,is the corpus callosum involved,yes,train
synpic29048.jpg,organ,what part of the body does this radiograph show,chest,train
synpic31400.jpg,abnormality,is this an abnormal film,yes,train
synpic59935.jpg,abnormality,what does the abnormality in this image represent,infarct,train
synpic60831.jpg,modality,what type of image modality is used,mri,train
synpic17145.jpg,modality,what type of imaging is this,xray,train
synpic40464.jpg,abnormality,is the liver abnormal,no,train
synpic21776.jpg,organ,what organ is superimposed on the lung fields,breasts,train
synpic17693.jpg,abnormality,is the image normal,no,train
synpic53033.jpg,abnormality,is this image abnormal,yes,train
synpic43609.jpg,modality,what modality is used in this image,ct,train
synpic49862.jpg,abnormality,is this image abnormal,yes,train
synpic27402.jpg,abnormality,is there anything wrong with the lungs,no,train
synpic50848.jpg,abnormality,is this picture abnormal,yes,train
synpic31116.jpg,abnormality,is this image abnormal,yes,train
synpic23648.jpg,modality,was contrast used,yes,train
synpic59356.jpg,abnormality,is this image normal,no,train
synpic26248.jpg,plane,which orientation is the image acquired,pa,train
synpic54004.jpg,abnormality,is the finding normal,no,train
synpic27655.jpg,modality,what imaging modality is used,xray,train
synpic32108.jpg,abnormality,is the liver normal,yes,train
synpic25534.jpg,modality,was this patient given iv contrast,yes,train
synpic50958.jpg,abnormality,are any intestinal abnormalities present,no,train
synpic30215.jpg,plane,what is the image plane,axial,train
synpic54802.jpg,abnormality,is the image normal,no,train
synpic53574.jpg,plane,in what plane is the above image,axial,train
synpic52732.jpg,abnormality,what is abnormal about the image,white matter plaques,train
synpic28987.jpg,modality,what imaging modality is used,plain film xray,train
synpic22156.jpg,plane,what plane is the image in,axial,train
synpic42805.jpg,abnormality,is there abnormal air present under the diaphragm,no,train
synpic31928.jpg,modality,what type of mr image modality is seen,t2 weighted,train
synpic47191.jpg,plane,in what plane is the ct scan,axial,train
synpic28277.jpg,abnormality,are the kidneys in this image abnormal,yes,train
synpic22097.jpg,abnormality,what does this represent,hydropneumothorax,train
synpic41119.jpg,abnormality,are the findings normal,yes,train
synpic32012.jpg,modality,is there contrast used in the above image,yes,train
synpic60423.jpg,abnormality,anything abnormal in this image,no,train
synpic42951.jpg,modality,is there contrast used,no,train
synpic58547.jpg,modality,what type of contrast agent is used in this mri,gadolinium,train
synpic27142.jpg,abnormality,does this scan represent an abnormality,no,train
synpic28718.jpg,modality,was contrast used,yes,train
synpic22794.jpg,modality,what imaging modality was used,ct,train
synpic19114.jpg,abnormality,are the findings normal,no,train
synpic25758.jpg,plane,what plane is this image,axial,train
synpic31232.jpg,modality,did this patient receive iv contrast,yes,train
synpic31232.jpg,modality,was iv contrast given to the patient,yes,train
synpic31232.jpg,modality,was this image taken via mri,no,train
synpic53816.jpg,modality,what modality is this image taken,mri,train
synpic40500.jpg,plane,is this image taken from the top slice of the brain,no,train
synpic40500.jpg,plane,was this image taken from a superior-most section of the brain,no,train
synpic39141.jpg,modality,what imaging modality is seen here,ct,train
synpic39141.jpg,modality,was this image taken with an mri or ct scanner,ct,train
synpic47964.jpg,plane,what plane of section is the brain taken in,axial,train
synpic47964.jpg,plane,what cut of the brain is this image taken,axial,train
synpic100228.jpg,plane,what plane was this chest film taken in,ap,train
synpic100228.jpg,plane,is this an ap or pa film,ap,train
synpic39141.jpg,plane,what is the section level of this image,mid abdomen,train
synpic39141.jpg,plane,where is this slice located in the human body,mid abdomen,train
synpic32084.jpg,organ,what type of radiograph is this,chest radiograph,train
synpic60703.jpg,modality,is this a t1 weighted t2 weighted or flair image,flair,train
synpic60703.jpg,modality,is this mri taken with flair protocol,yes,train
synpic53816.jpg,plane,is this image of a saggital plane,no,train
synpic32084.jpg,modality,what was this image taken with,x-ray,train
synpic40500.jpg,organ,what organ is this image of,brain,train
synpic56841.jpg,abnormality,does the left temporal lobe appear normal,no,train
synpic58902.jpg,plane,is this a saggital brain section,no,train
synpic58902.jpg,plane,is this a saggital view of the brain,no,train
synpic24729.jpg,abnormality,does the appendix appear normal or abnormal,normal,train
synpic24729.jpg,abnormality,is there appendix normal or abnormal in appearance,normal,train
synpic22828.jpg,plane,what plane of the abdomen is this image,axial,train
synpic41667.jpg,modality,is this a chest radiograph,yes,train
synpic53228.jpg,abnormality,does the heart border appear normal,yes,train
synpic53228.jpg,abnormality,is there a normal contour of the heart,yes,train
synpic41667.jpg,plane,is this an ap or pa film,pa,train
synpic42157.jpg,modality,what form of contrast did the patient receive,oral and iv,train
synpic42157.jpg,modality,what types of contrast did this patient have,oral and iv,train
synpic31232.jpg,plane,what cut of the body is this image,axial,train
synpic59126.jpg,plane,is this an ap or pa film,pa,train
synpic59126.jpg,plane,how was this film taken,pa,train
synpic24729.jpg,plane,what type of plane is this image of,axial,train
synpic24729.jpg,plane,what plane was this image taken in,axial,train
synpic53816.jpg,plane,what section is this image,axial,train
synpic53816.jpg,plane,what plane is this image taken,axial,train
synpic22828.jpg,modality,did this patient receive iv contrast,yes,train
synpic22828.jpg,modality,was iv contrast given to the patient,yes,train
synpic40500.jpg,modality,what modality is this image taken,mri,train
synpic58902.jpg,modality,is this a t1 weighted t2 weighted or flair image,flair,train
synpic58902.jpg,modality,what is the mri modality depicted in this image,flair,train
synpic24729.jpg,modality,what contrast was administered to this patient,oral and iv,train
synpic24729.jpg,modality,what types of contrast does this patient have,oral and iv,train
synpic53816.jpg,organ,what organ is this image of,brain,train
synpic42290.jpg,modality,does this image use gi contrast,yes,train
synpic42290.jpg,modality,is this a contrast enhanced image,yes,train
synpic47964.jpg,modality,what type of modality was this image taken,mri - t2 weighted,train
synpic47964.jpg,modality,what is the mr weighting in this image,mri - t2 weighted,train
synpic48714.jpg,modality,does this ct use iv contrast material,no,train
synpic48714.jpg,modality,is this a contrast or non contrast ct,non-contrast,train
synpic32084.jpg,plane,is this a pa film,yes,train
synpic31928.jpg,organ,what part of the cns is this image showing,brain,train
synpic31928.jpg,abnormality,what condition is found in the above image,right subdural hematoma,train
synpic31928.jpg,abnormality,what pathology is seen in this image,right subdural hematoma,train
synpic42951.jpg,modality,is this a noncontrast ct,yes,train
synpic33102.jpg,plane,how was this film taken,pa,train
synpic25587.jpg,abnormality,on what side of the body is there pathology and what is it,right sided pleural effusion,train
synpic25587.jpg,abnormality,what is the pathology,right sided pleural effusion,train
synpic25587.jpg,abnormality,what pathology is seen int his image,right sided pleural effusion,train
synpic26697.jpg,organ,what organ system is highlighted by contrast,gi,train
synpic32012.jpg,abnormality,what vascular problem is seen above,portal vein occlusion,train
synpic26697.jpg,plane,is this an axial plane image,yes,train
synpic33102.jpg,modality,is this a kub film,no,train
synpic47191.jpg,plane,what plane is this image in,axial,train
synpic31116.jpg,plane,in what plane was this image taken,axial,train
synpic31116.jpg,plane,what plane was this image taken in,axial,train
synpic32012.jpg,abnormality,are there any abnormalities seen in the spleen,no,train
synpic32012.jpg,abnormality,what is the pathology seen in the spleen,nothing,train
synpic52282.jpg,abnormality,what structure in the left basal ganglia is spared,left thalamus,train
synpic52282.jpg,abnormality,what is spared in the left basal ganglia,left thalamus,train
synpic42951.jpg,abnormality,pathology seen in this image,small subdural hematoma with cerebral edema,train
synpic42951.jpg,abnormality,what is the condition seen in this image,small subdural hematoma with cerebral edema,train
synpic47191.jpg,modality,is this an mri image,no,train
synpic15006.jpg,plane,is this film taken ap,no,train
synpic45039.jpg,abnormality,are there any abnormalities in the kidneys,no,train
synpic45039.jpg,abnormality,notice any abnormality in the kidneys,no,train
synpic33102.jpg,modality,is this a plain film xray,yes,train
synpic60831.jpg,abnormality,the image shows what abnormality,abnormal hyperintensity in the right occipital lobe,train
synpic60831.jpg,abnormality,what is abnormal in this image,abnormal hyperintensity in the right occipital lobe,train
synpic26697.jpg,modality,is this image a ct or mri image,ct,train
synpic15006.jpg,modality,is this a special kind of x-ray,no,train
synpic52932.jpg,abnormality,this image is concerning for what lung pathology,pneumonia,train
synpic52932.jpg,abnormality,what lung pathology is this image concerning for,pneumonia,train
synpic31928.jpg,plane,is this a sagittal plane image,no,train
synpic33889.jpg,abnormality,are the kidneys normal,yes,train
synpic33889.jpg,abnormality,are these normal looking kidneys,yes,train
synpic46539.jpg,abnormality,what is the pathology,hydropneumothorax,train
synpic46539.jpg,abnormality,what is abnormal in this image,hydropneumothorax,train
synpic44995.jpg,organ,is this a vascular lesion,yes,train
synpic44995.jpg,organ,does this lesion involve the vascular system,yes,train
synpic31259.jpg,abnormality,what is the pathology,left lobe mass 1 .5 x 1 .8 cm,train
synpic31259.jpg,abnormality,what is abnormal in this image,left lobe mass 1 .5 x 1 .8 cm,train
synpic19114.jpg,abnormality,are there any abnormalities with the shape of the aortic arch,no,train
synpic19114.jpg,abnormality,is the aortic arch shape abnormal,no,train
synpic31394.jpg,abnormality,what is the pathology seen in this image,pulmonary nodules,train
synpic17145.jpg,abnormality,what is the pathology seen above,bilateral pleural effusion,train
synpic17145.jpg,abnormality,what abnormality is seen in this image,bilateral pleural effusion,train
synpic59536.jpg,abnormality,what brain structures would be affected by the lesion in the right frontal area of the brain,basal ganglia caudate and putamen,train
synpic59536.jpg,abnormality,which brain structures could be affected by the lesion located in the right frontal brain area,basal ganglia caudate and putamen,train
synpic27277.jpg,organ,what organ system is shown in the above image,cardiopulmonary,train
synpic27277.jpg,organ,the image shows what organ system,cardiopulmonary,train
synpic57237.jpg,abnormality,are the sinuses abnormal,no,train
synpic18250.jpg,abnormality,name one abnormality in the radiograph .,increased opacity in the left retrocardiac region,train
synpic18250.jpg,abnormality,what is one abnormality that can be seen in the image,increased opacity in the left retrocardiac region,train
synpic32081.jpg,abnormality,what is the abnormality,right paratracheal mass lesion,train
synpic32081.jpg,abnormality,what is wrong in this image,right paratracheal mass lesion,train
synpic51212.jpg,abnormality,what abnormal findings are present in this image,ring-enhancing lesion,train
synpic28987.jpg,abnormality,what is wrong with the aortic area,it is enlarged with prominence of the aortic knob,train
synpic28987.jpg,abnormality,what pathology is shown in the aorta,it is enlarged with prominence of the aortic knob,train
synpic56841.jpg,modality,is this a t1 weighted t2 weighted or flair image,flair,train
synpic56841.jpg,modality,is this image modality t1 t2 or flair,flair,train
synpic26764.jpg,plane,is this a pa film,yes,train
synpic26764.jpg,plane,is this film taken in a pa modality,yes,train
